Metric,Score
Accuracy,0.9047619047619048
Precision,0.9064018455190448
Recall,0.9047619047619048
F1-Score,0.9051710596014393
